OLEADSPC,area_ha
Mh,9493.283217268026
PO,7076.14373989246
Mr,3632.908628317332
Bw,2801.2481683887795
Or,1889.4706209299063
Sw,1138.1004177868842
Bf,1066.4378530387046
Cw,823.2161185447638
Pr,738.683414461021
Pw,650.435727080377
Ab,616.3540534498715
Bd,501.26070263247476
Ms,219.0451657836037
Aw,157.92430043124193
Sb,99.53174133233543
Pt,45.62661689844418
OH,32.67713726302712
He,25.872234381274914
Bn,13.173061477183163
Pj,10.865776830019657
Pl,10.29224024815087
Ps,8.402621467802998
Be,7.8244769492758515
Pb,4.745089643621394
